Order_Date,Invoice_ID,Product_ID,Product_Category,Fabric_Type,Supplier,Cost_Price,Selling_Price,Discount,Quantity,Revenue,Profit,Customer_Type,Festival
2024-11-23,INV1000,PROD792,Saree,Cotton,Supplier C,940,1625,0,1,1625,685,New,None
2024-10-06,INV1001,PROD127,Saree,Silk,Supplier A,2230,3691,338,1,3353,1123,Returning,Wedding
2024-10-14,INV1002,PROD263,Saree,Silk,Supplier A,2659,4706,106,2,9306,3988,Returning,Wedding
2024-12-23,INV1003,PROD199,Kurti,Rayon,Supplier B,679,1210,204,2,2216,858,New,Christmas
2024-07-02,INV1004,PROD665,Kurti,Rayon,Supplier A,835,1374,100,1,1274,439,New,None
2024-05-30,INV1005,PROD181,Set,Georgette,Supplier C,1596,2642,0,1,2642,1046,Returning,None
2024-04-29,INV1006,PROD314,Saree,Silk,Supplier B,2664,4801,266,2,9336,4008,New,Vishu
2024-12-09,INV1007,PROD488,Kurti,Rayon,Supplier C,687,1373,350,3,3769,1708,New,Christmas
2024-05-18,INV1008,PROD510,Set,Georgette,Supplier C,1732,2614,0,1,2614,882,Returning,None
2024-05-17,INV1009,PROD758,Saree,Cotton,Supplier C,961,1608,100,3,4724,1841,Returning,None
2024-08-22,INV1010,PROD698,Saree,Silk,Supplier A,2452,5025,651,3,14424,7068,New,Onam
2024-08-07,INV1011,PROD148,Set,Georgette,Supplier B,1624,2783,605,3,7744,2872,New,Onam
2024-02-26,INV1012,PROD710,Saree,Cotton,Supplier C,1016,1805,100,1,1705,689,Returning,None
2024-08-27,INV1013,PROD887,Set,Georgette,Supplier C,1411,2734,649,3,7553,3320,Returning,Onam
2024-11-24,INV1014,PROD612,Kurti,Rayon,Supplier B,822,1180,0,2,2360,716,Returning,None
2024-04-01,INV1015,PROD880,Set,Georgette,Supplier C,1705,3539,303,3,10314,5199,New,Vishu
2024-03-23,INV1016,PROD999,Set,Georgette,Supplier C,1731,3500,0,1,3500,1769,Returning,None
2024-06-06,INV1017,PROD935,Saree,Cotton,Supplier A,1090,1984,0,1,1984,894,Returning,None
2024-02-05,INV1018,PROD316,Set,Georgette,Supplier A,1886,3625,0,1,3625,1739,Returning,None
2024-10-03,INV1019,PROD629,Set,Georgette,Supplier C,1719,3317,482,3,9469,4312,Returning,Wedding
2024-08-19,INV1020,PROD325,Saree,Cotton,Supplier A,832,1673,667,1,1006,174,New,Onam
2024-01-04,INV1021,PROD626,Saree,Cotton,Supplier A,834,1963,0,1,1963,1129,New,None
2024-05-01,INV1022,PROD903,Kurti,Rayon,Supplier A,876,1167,100,3,3401,773,New,None
2024-08-30,INV1023,PROD578,Kurti,Rayon,Supplier A,649,1437,462,2,2412,1114,Returning,Onam
2024-01-28,INV1024,PROD294,Set,Georgette,Supplier A,1812,3194,0,1,3194,1382,New,None
2024-10-01,INV1025,PROD177,Kurti,Rayon,Supplier B,693,1242,355,2,2129,743,Returning,Wedding
2024-08-14,INV1026,PROD597,Set,Georgette,Supplier A,1953,2530,342,1,2188,235,New,Onam
2024-09-03,INV1027,PROD902,Saree,Silk,Supplier A,2368,4276,100,1,4176,1808,Returning,None
2024-08-20,INV1028,PROD403,Kurti,Rayon,Supplier C,884,1438,598,3,3716,1064,New,Onam
2024-04-21,INV1029,PROD973,Saree,Cotton,Supplier C,960,1529,698,1,831,-129,Returning,Vishu
2024-09-28,INV1030,PROD791,Saree,Cotton,Supplier C,841,1935,0,1,1935,1094,New,None
2024-04-30,INV1031,PROD529,Kurti,Rayon,Supplier C,726,1396,140,3,4048,1870,Returning,Vishu
2024-12-02,INV1032,PROD787,Set,Georgette,Supplier B,1609,3143,371,1,2772,1163,New,Christmas
2024-11-26,INV1033,PROD650,Kurti,Rayon,Supplier B,637,1104,0,2,2208,934,New,None
2024-04-19,INV1034,PROD548,Set,Georgette,Supplier A,1757,2640,478,1,2162,405,New,Vishu
2024-10-05,INV1035,PROD779,Set,Georgette,Supplier C,1941,2516,667,3,6881,1058,New,Wedding
2024-02-23,INV1036,PROD388,Saree,Silk,Supplier A,3111,3719,0,3,11157,1824,Returning,None
2024-11-05,INV1037,PROD966,Saree,Silk,Supplier A,2903,4798,100,2,9496,3690,Returning,None
2024-01-27,INV1038,PROD265,Saree,Silk,Supplier B,2245,3507,0,2,7014,2524,Returning,None
2024-08-14,INV1039,PROD954,Set,Georgette,Supplier C,1409,2729,252,1,2477,1068,Returning,Onam
2024-07-08,INV1040,PROD466,Set,Georgette,Supplier B,1530,2585,0,2,5170,2110,New,None
2024-04-17,INV1041,PROD867,Set,Georgette,Supplier C,1505,3224,516,3,9156,4641,Returning,Vishu
2024-03-20,INV1042,PROD921,Saree,Cotton,Supplier A,1011,1512,0,1,1512,501,Returning,None
2024-12-08,INV1043,PROD327,Set,Georgette,Supplier B,1563,2721,139,2,5303,2177,Returning,Christmas
2024-04-12,INV1044,PROD385,Kurti,Rayon,Supplier B,716,1214,297,1,917,201,New,Vishu
2024-02-05,INV1045,PROD218,Kurti,Rayon,Supplier C,860,1304,0,3,3912,1332,New,None
2024-05-13,INV1046,PROD546,Saree,Silk,Supplier A,2311,4721,0,2,9442,4820,Returning,None
2024-11-06,INV1047,PROD101,Set,Georgette,Supplier B,1990,2889,0,2,5778,1798,Returning,None
2024-09-23,INV1048,PROD779,Set,Georgette,Supplier B,1841,2643,0,3,7929,2406,Returning,None
2024-03-04,INV1049,PROD667,Set,Georgette,Supplier C,1716,3336,100,2,6572,3140,Returning,None
2024-03-06,INV1050,PROD515,Saree,Silk,Supplier C,3162,4276,0,3,12828,3342,Returning,None
2024-10-07,INV1051,PROD552,Saree,Silk,Supplier B,2415,4380,429,3,12711,5466,Returning,Wedding
2024-12-11,INV1052,PROD748,Saree,Silk,Supplier C,2373,4849,390,1,4459,2086,Returning,Christmas
2024-11-13,INV1053,PROD147,Kurti,Rayon,Supplier A,758,1215,0,1,1215,457,New,None
2024-05-05,INV1054,PROD606,Kurti,Rayon,Supplier B,812,1553,0,3,4659,2223,Returning,None
2024-07-23,INV1055,PROD280,Saree,Cotton,Supplier C,802,1957,100,1,1857,1055,New,None
2024-12-22,INV1056,PROD575,Set,Georgette,Supplier A,1970,3010,567,1,2443,473,New,Christmas
2024-12-07,INV1057,PROD861,Set,Georgette,Supplier B,1916,3373,556,3,9563,3815,Returning,Christmas
2024-08-31,INV1058,PROD381,Kurti,Rayon,Supplier A,741,1492,596,3,3880,1657,Returning,Onam
2024-08-13,INV1059,PROD254,Saree,Silk,Supplier A,2478,4187,653,2,7721,2765,New,Onam
2024-04-28,INV1060,PROD577,Kurti,Rayon,Supplier C,709,1132,517,2,1747,329,New,Vishu
2024-07-31,INV1061,PROD588,Saree,Cotton,Supplier B,999,1963,0,3,5889,2892,Returning,None
2024-01-04,INV1062,PROD324,Kurti,Rayon,Supplier B,814,1375,0,3,4125,1683,Returning,None
2024-05-19,INV1063,PROD960,Kurti,Rayon,Supplier A,799,1272,100,3,3716,1319,New,None
2024-08-27,INV1064,PROD238,Saree,Cotton,Supplier B,1088,1839,185,1,1654,566,Returning,Onam
2024-08-24,INV1065,PROD879,Saree,Cotton,Supplier B,994,1667,565,1,1102,108,New,Onam
2024-07-13,INV1066,PROD329,Kurti,Rayon,Supplier B,641,1340,0,1,1340,699,Returning,None
2024-11-28,INV1067,PROD229,Saree,Cotton,Supplier A,926,1602,0,1,1602,676,New,None
2024-08-30,INV1068,PROD271,Set,Georgette,Supplier C,1623,3452,362,3,9994,5125,Returning,Onam
2024-11-06,INV1069,PROD689,Set,Georgette,Supplier A,1718,2721,0,3,8163,3009,Returning,None
2024-12-12,INV1070,PROD891,Kurti,Rayon,Supplier C,701,1138,348,3,3066,963,New,Christmas
2024-06-03,INV1071,PROD170,Set,Georgette,Supplier C,1442,3211,100,3,9533,5207,Returning,None
2024-09-16,INV1072,PROD750,Set,Georgette,Supplier A,1830,3503,100,1,3403,1573,Returning,None
2024-08-23,INV1073,PROD651,Set,Georgette,Supplier B,1580,3568,376,3,10328,5588,Returning,Onam
2024-09-04,INV1074,PROD561,Kurti,Rayon,Supplier C,737,1265,0,1,1265,528,Returning,None
2024-05-04,INV1075,PROD317,Kurti,Rayon,Supplier B,614,1353,0,2,2706,1478,Returning,None
2024-06-30,INV1076,PROD347,Kurti,Rayon,Supplier B,741,1384,0,1,1384,643,New,None
2024-07-27,INV1077,PROD911,Kurti,Rayon,Supplier C,843,1430,100,3,4190,1661,Returning,None
2024-01-09,INV1078,PROD584,Saree,Silk,Supplier A,2614,4916,0,1,4916,2302,Returning,None
2024-10-10,INV1079,PROD357,Set,Georgette,Supplier B,1963,3177,564,2,5790,1864,New,Wedding
2024-04-28,INV1080,PROD856,Saree,Cotton,Supplier B,861,1880,289,3,5351,2768,New,Vishu
2024-09-04,INV1081,PROD409,Kurti,Rayon,Supplier A,699,1251,0,1,1251,552,New,None
2024-01-08,INV1082,PROD753,Set,Georgette,Supplier B,1446,2611,0,3,7833,3495,New,None
2024-09-08,INV1083,PROD288,Saree,Cotton,Supplier C,945,1740,100,2,3380,1490,Returning,None
2024-01-27,INV1084,PROD255,Kurti,Rayon,Supplier A,633,1305,0,2,2610,1344,New,None
2024-03-17,INV1085,PROD894,Set,Georgette,Supplier A,1654,2742,100,3,8126,3164,New,None
2024-09-24,INV1086,PROD682,Kurti,Rayon,Supplier B,752,1540,100,3,4520,2264,Returning,None
2024-11-13,INV1087,PROD345,Saree,Cotton,Supplier A,908,1635,0,3,4905,2181,New,None
2024-03-29,INV1088,PROD133,Set,Georgette,Supplier A,1402,3336,100,2,6572,3768,Returning,None
2024-04-28,INV1089,PROD906,Kurti,Rayon,Supplier C,832,1136,339,3,3069,573,Returning,Vishu
2024-11-16,INV1090,PROD946,Set,Georgette,Supplier B,1517,3615,0,1,3615,2098,Returning,None
2024-03-13,INV1091,PROD227,Saree,Cotton,Supplier A,957,1804,0,3,5412,2541,Returning,None
2024-08-27,INV1092,PROD182,Set,Georgette,Supplier C,1812,3057,652,3,8519,3083,Returning,Onam
2024-11-02,INV1093,PROD334,Saree,Silk,Supplier C,2530,4736,0,2,9472,4412,New,None
2024-12-11,INV1094,PROD767,Set,Georgette,Supplier C,1675,3680,279,1,3401,1726,Returning,Christmas
2024-08-14,INV1095,PROD518,Kurti,Rayon,Supplier C,823,1425,193,2,2657,1011,Returning,Onam
2024-06-19,INV1096,PROD778,Kurti,Rayon,Supplier A,768,1310,100,3,3830,1526,Returning,None
2024-07-24,INV1097,PROD891,Set,Georgette,Supplier B,1490,3144,0,2,6288,3308,New,None
2024-07-25,INV1098,PROD630,Set,Georgette,Supplier C,1955,3446,0,2,6892,2982,New,None
2024-07-04,INV1099,PROD394,Set,Georgette,Supplier C,1852,2605,0,1,2605,753,New,None
2024-08-12,INV1100,PROD418,Set,Georgette,Supplier A,1429,3790,345,3,11025,6738,Returning,Onam
2024-10-09,INV1101,PROD763,Saree,Silk,Supplier A,2430,5223,572,1,4651,2221,Returning,Wedding
2024-03-19,INV1102,PROD567,Kurti,Rayon,Supplier C,739,1312,100,2,2524,1046,New,None
2024-10-09,INV1103,PROD382,Saree,Silk,Supplier A,3143,4727,239,3,13942,4513,Returning,Wedding
2024-07-31,INV1104,PROD557,Kurti,Rayon,Supplier A,744,1471,100,2,2842,1354,New,None
2024-10-02,INV1105,PROD429,Kurti,Rayon,Supplier B,882,1490,486,3,3984,1338,Returning,Wedding
2024-04-06,INV1106,PROD584,Set,Georgette,Supplier C,1792,2978,144,2,5812,2228,New,Vishu
2024-12-27,INV1107,PROD704,Kurti,Rayon,Supplier C,677,1353,229,1,1124,447,Returning,Christmas
2024-06-18,INV1108,PROD519,Saree,Silk,Supplier A,2738,5364,0,2,10728,5252,New,None
2024-12-01,INV1109,PROD972,Saree,Cotton,Supplier B,935,1673,507,3,4512,1707,Returning,Christmas
2024-06-17,INV1110,PROD746,Set,Georgette,Supplier B,1899,3608,0,1,3608,1709,New,None
2024-12-16,INV1111,PROD810,Kurti,Rayon,Supplier C,646,1322,202,1,1120,474,Returning,Christmas
2024-06-02,INV1112,PROD249,Saree,Cotton,Supplier B,828,1650,0,2,3300,1644,Returning,None
2024-05-05,INV1113,PROD734,Set,Georgette,Supplier C,1584,2848,0,1,2848,1264,Returning,None
2024-12-15,INV1114,PROD782,Saree,Silk,Supplier C,2346,3975,360,2,7590,2898,Returning,Christmas
2024-01-05,INV1115,PROD701,Kurti,Rayon,Supplier C,879,1180,100,1,1080,201,Returning,None
2024-06-02,INV1116,PROD973,Set,Georgette,Supplier C,1656,3435,0,2,6870,3558,Returning,None
2024-09-04,INV1117,PROD122,Saree,Cotton,Supplier B,1092,1683,0,3,5049,1773,Returning,None
2024-12-03,INV1118,PROD863,Kurti,Rayon,Supplier A,889,1542,150,3,4476,1809,Returning,Christmas
2024-09-11,INV1119,PROD794,Kurti,Rayon,Supplier C,780,1212,0,3,3636,1296,Returning,None
2024-12-03,INV1120,PROD551,Set,Georgette,Supplier C,1499,3785,140,3,11215,6718,New,Christmas
2024-01-18,INV1121,PROD279,Set,Georgette,Supplier C,1534,2684,0,2,5368,2300,Returning,None
2024-04-12,INV1122,PROD944,Saree,Silk,Supplier C,2713,5370,268,2,10472,5046,New,Vishu
2024-09-03,INV1123,PROD980,Kurti,Rayon,Supplier A,839,1593,0,1,1593,754,New,None
2024-12-12,INV1124,PROD226,Set,Georgette,Supplier C,1774,2684,114,2,5254,1706,New,Christmas
2024-08-20,INV1125,PROD339,Kurti,Rayon,Supplier C,795,1521,480,3,4083,1698,New,Onam
2024-08-29,INV1126,PROD409,Saree,Silk,Supplier C,2426,4826,575,1,4251,1825,Returning,Onam
2024-11-28,INV1127,PROD218,Kurti,Rayon,Supplier A,623,1584,0,1,1584,961,Returning,None
2024-02-19,INV1128,PROD524,Saree,Cotton,Supplier B,1032,1689,100,3,4967,1871,New,None
2024-12-01,INV1129,PROD322,Saree,Silk,Supplier C,2617,5423,133,2,10713,5479,Returning,Christmas
2024-08-15,INV1130,PROD760,Kurti,Rayon,Supplier B,650,1451,657,2,2245,945,Returning,Onam
2024-07-02,INV1131,PROD778,Saree,Silk,Supplier B,2394,5482,100,1,5382,2988,New,None
2024-04-18,INV1132,PROD949,Set,Georgette,Supplier A,1741,2998,678,1,2320,579,New,Vishu
2024-10-10,INV1133,PROD248,Saree,Cotton,Supplier A,968,1896,102,1,1794,826,New,Wedding
2024-03-07,INV1134,PROD908,Set,Georgette,Supplier A,1512,2552,0,1,2552,1040,Returning,None
2024-05-01,INV1135,PROD638,Set,Georgette,Supplier A,1578,3043,0,1,3043,1465,Returning,None
2024-02-28,INV1136,PROD615,Set,Georgette,Supplier B,1859,3241,0,3,9723,4146,Returning,None
2024-04-23,INV1137,PROD590,Set,Georgette,Supplier C,1933,3117,131,2,6103,2237,New,Vishu
2024-07-24,INV1138,PROD167,Kurti,Rayon,Supplier B,827,1137,0,1,1137,310,New,None
2024-03-05,INV1139,PROD912,Kurti,Rayon,Supplier B,871,1250,100,2,2400,658,New,None
2024-12-25,INV1140,PROD564,Saree,Cotton,Supplier B,1031,1954,523,1,1431,400,New,Christmas
2024-07-23,INV1141,PROD256,Kurti,Rayon,Supplier B,818,1260,0,3,3780,1326,Returning,None
2024-12-17,INV1142,PROD481,Kurti,Rayon,Supplier A,643,1147,198,2,2096,810,Returning,Christmas
2024-03-07,INV1143,PROD462,Set,Georgette,Supplier C,1975,3650,0,2,7300,3350,Returning,None
2024-12-06,INV1144,PROD258,Kurti,Rayon,Supplier B,759,1280,691,1,589,-170,Returning,Christmas
2024-12-02,INV1145,PROD385,Kurti,Rayon,Supplier A,779,1532,476,3,4120,1783,New,Christmas
2024-10-20,INV1146,PROD773,Saree,Silk,Supplier C,3197,5071,670,3,14543,4952,New,Wedding
2024-12-21,INV1147,PROD285,Kurti,Rayon,Supplier A,739,1459,447,2,2471,993,New,Christmas
2024-03-14,INV1148,PROD485,Set,Georgette,Supplier A,1545,3796,0,1,3796,2251,New,None
2024-08-02,INV1149,PROD681,Kurti,Rayon,Supplier A,789,1259,432,3,3345,978,Returning,Onam
2024-11-01,INV1150,PROD378,Saree,Cotton,Supplier A,880,1886,0,3,5658,3018,New,None
2024-08-14,INV1151,PROD216,Set,Georgette,Supplier B,1852,3348,320,2,6376,2672,Returning,Onam
2024-06-25,INV1152,PROD325,Kurti,Rayon,Supplier B,849,1369,0,3,4107,1560,New,None
2024-07-21,INV1153,PROD396,Set,Georgette,Supplier A,1609,3117,0,1,3117,1508,Returning,None
2024-06-16,INV1154,PROD612,Saree,Cotton,Supplier B,1020,1589,100,1,1489,469,New,None
2024-10-13,INV1155,PROD179,Set,Georgette,Supplier A,1806,2586,119,2,5053,1441,Returning,Wedding
2024-06-09,INV1156,PROD121,Set,Georgette,Supplier C,1814,3355,0,2,6710,3082,Returning,None
2024-06-15,INV1157,PROD349,Saree,Silk,Supplier C,3141,4241,100,1,4141,1000,New,None
2024-08-11,INV1158,PROD897,Set,Georgette,Supplier C,1480,3310,447,2,6173,3213,New,Onam
2024-03-27,INV1159,PROD341,Saree,Cotton,Supplier C,1061,1599,0,2,3198,1076,New,None
2024-02-22,INV1160,PROD891,Saree,Silk,Supplier A,2377,4733,0,1,4733,2356,New,None
2024-11-17,INV1161,PROD254,Kurti,Rayon,Supplier C,896,1329,0,3,3987,1299,Returning,None
2024-08-13,INV1162,PROD175,Saree,Silk,Supplier B,2846,4120,157,2,8083,2391,New,Onam
2024-06-07,INV1163,PROD729,Kurti,Rayon,Supplier A,629,1288,0,2,2576,1318,New,None
2024-10-31,INV1164,PROD929,Set,Georgette,Supplier B,1994,3635,142,3,10763,4781,Returning,Wedding
2024-10-19,INV1165,PROD930,Set,Georgette,Supplier B,1887,3526,163,1,3363,1476,Returning,Wedding
2024-06-24,INV1166,PROD636,Set,Georgette,Supplier C,1576,2580,100,1,2480,904,Returning,None
2024-09-24,INV1167,PROD795,Set,Georgette,Supplier B,1781,3079,100,2,6058,2496,Returning,None
2024-11-02,INV1168,PROD358,Saree,Silk,Supplier A,2537,3693,100,3,10979,3368,Returning,None
2024-12-02,INV1169,PROD417,Set,Georgette,Supplier B,1483,3693,244,3,10835,6386,Returning,Christmas
2024-12-01,INV1170,PROD436,Set,Georgette,Supplier A,1486,3134,485,3,8917,4459,Returning,Christmas
2024-03-06,INV1171,PROD416,Set,Georgette,Supplier C,1833,3541,0,2,7082,3416,Returning,None
2024-04-02,INV1172,PROD964,Saree,Silk,Supplier B,2396,3963,258,1,3705,1309,New,Vishu
2024-02-21,INV1173,PROD266,Set,Georgette,Supplier C,1744,3765,100,1,3665,1921,New,None
2024-04-02,INV1174,PROD343,Set,Georgette,Supplier C,1848,2589,473,2,4705,1009,Returning,Vishu
2024-08-15,INV1175,PROD928,Set,Georgette,Supplier C,1859,2979,344,3,8593,3016,New,Onam
2024-08-28,INV1176,PROD896,Saree,Silk,Supplier C,3169,4668,572,2,8764,2426,Returning,Onam
2024-07-14,INV1177,PROD756,Set,Georgette,Supplier A,1604,3738,0,1,3738,2134,New,None
2024-09-03,INV1178,PROD881,Kurti,Rayon,Supplier C,864,1535,0,1,1535,671,New,None
2024-03-23,INV1179,PROD936,Kurti,Rayon,Supplier C,675,1525,0,2,3050,1700,New,None
2024-08-18,INV1180,PROD183,Kurti,Rayon,Supplier B,627,1302,482,3,3424,1543,New,Onam
2024-07-10,INV1181,PROD240,Saree,Cotton,Supplier B,850,1929,0,3,5787,3237,New,None
2024-01-20,INV1182,PROD730,Kurti,Rayon,Supplier C,671,1488,100,3,4364,2351,Returning,None
2024-01-03,INV1183,PROD894,Saree,Cotton,Supplier B,910,1927,100,1,1827,917,New,None
2024-05-27,INV1184,PROD213,Saree,Silk,Supplier A,2248,3988,100,2,7876,3380,New,None
2024-09-12,INV1185,PROD539,Set,Georgette,Supplier C,1927,3677,0,1,3677,1750,Returning,None
2024-01-01,INV1186,PROD169,Set,Georgette,Supplier A,1984,3353,0,1,3353,1369,Returning,None
2024-09-26,INV1187,PROD359,Set,Georgette,Supplier B,1881,2589,100,3,7667,2024,Returning,None
2024-01-09,INV1188,PROD236,Kurti,Rayon,Supplier B,723,1475,0,3,4425,2256,Returning,None
2024-01-23,INV1189,PROD746,Kurti,Rayon,Supplier C,689,1525,100,3,4475,2408,Returning,None
2024-04-03,INV1190,PROD304,Saree,Cotton,Supplier C,1034,1518,306,2,2730,662,New,Vishu
2024-01-22,INV1191,PROD137,Kurti,Rayon,Supplier C,803,1517,100,3,4451,2042,Returning,None
2024-11-27,INV1192,PROD227,Saree,Silk,Supplier B,3082,5099,0,1,5099,2017,Returning,None
2024-07-07,INV1193,PROD608,Kurti,Rayon,Supplier C,825,1558,0,2,3116,1466,New,None
2024-12-20,INV1194,PROD716,Kurti,Rayon,Supplier C,736,1510,534,1,976,240,New,Christmas
2024-04-02,INV1195,PROD717,Set,Georgette,Supplier B,1505,2663,402,2,4924,1914,New,Vishu
2024-08-06,INV1196,PROD545,Saree,Silk,Supplier B,2657,3586,461,3,10297,2326,Returning,Onam
2024-05-20,INV1197,PROD246,Set,Georgette,Supplier A,1815,3244,0,3,9732,4287,New,None
2024-11-07,INV1198,PROD492,Set,Georgette,Supplier A,1529,2637,0,1,2637,1108,Returning,None
2024-10-17,INV1199,PROD178,Saree,Cotton,Supplier C,1030,1985,480,2,3490,1430,Returning,Wedding
2024-10-20,INV1200,PROD126,Saree,Silk,Supplier B,2521,4830,355,2,9305,4263,Returning,Wedding
2024-04-05,INV1201,PROD726,Kurti,Rayon,Supplier C,660,1234,556,2,1912,592,New,Vishu
2024-05-26,INV1202,PROD830,Set,Georgette,Supplier A,1525,2777,100,1,2677,1152,New,None
2024-08-15,INV1203,PROD407,Saree,Silk,Supplier C,2555,4953,663,1,4290,1735,Returning,Onam
2024-03-21,INV1204,PROD342,Set,Georgette,Supplier B,1920,2959,0,1,2959,1039,New,None
2024-09-09,INV1205,PROD167,Saree,Silk,Supplier C,2786,4255,0,2,8510,2938,New,None
2024-06-07,INV1206,PROD424,Kurti,Rayon,Supplier C,810,1493,0,2,2986,1366,New,None
2024-11-24,INV1207,PROD886,Saree,Silk,Supplier B,2896,4559,0,2,9118,3326,New,None
2024-03-07,INV1208,PROD430,Kurti,Rayon,Supplier A,865,1178,0,2,2356,626,New,None
2024-12-29,INV1209,PROD664,Saree,Silk,Supplier C,3116,4081,356,1,3725,609,New,Christmas
2024-05-20,INV1210,PROD275,Saree,Silk,Supplier C,2746,3691,0,3,11073,2835,New,None
2024-12-03,INV1211,PROD889,Set,Georgette,Supplier C,1442,2558,146,1,2412,970,Returning,Christmas
2024-10-22,INV1212,PROD742,Kurti,Rayon,Supplier C,813,1416,131,3,4117,1678,Returning,Wedding
2024-10-06,INV1213,PROD174,Kurti,Rayon,Supplier B,725,1512,515,3,4021,1846,New,Wedding
2024-12-18,INV1214,PROD247,Saree,Cotton,Supplier B,1012,1747,308,2,3186,1162,New,Christmas
2024-06-09,INV1215,PROD426,Set,Georgette,Supplier C,1753,3316,0,1,3316,1563,New,None
2024-05-03,INV1216,PROD397,Kurti,Rayon,Supplier B,830,1226,0,1,1226,396,New,None
2024-07-15,INV1217,PROD881,Set,Georgette,Supplier A,1563,3170,0,3,9510,4821,New,None
2024-03-22,INV1218,PROD617,Kurti,Rayon,Supplier B,757,1354,0,1,1354,597,Returning,None
2024-08-22,INV1219,PROD963,Saree,Cotton,Supplier C,980,1524,388,1,1136,156,Returning,Onam
2024-11-30,INV1220,PROD370,Set,Georgette,Supplier B,1949,2516,100,1,2416,467,New,None
2024-07-06,INV1221,PROD666,Kurti,Rayon,Supplier A,805,1126,0,3,3378,963,Returning,None
2024-05-27,INV1222,PROD231,Saree,Silk,Supplier C,2661,5065,0,3,15195,7212,New,None
2024-02-19,INV1223,PROD716,Kurti,Rayon,Supplier B,885,1580,0,2,3160,1390,New,None
2024-09-17,INV1224,PROD631,Kurti,Rayon,Supplier A,619,1170,0,3,3510,1653,Returning,None
2024-08-21,INV1225,PROD619,Saree,Cotton,Supplier B,963,1583,406,2,2760,834,Returning,Onam
2024-09-17,INV1226,PROD439,Set,Georgette,Supplier C,1976,3113,0,2,6226,2274,Returning,None
2024-12-10,INV1227,PROD371,Saree,Silk,Supplier C,2515,5131,127,3,15266,7721,Returning,Christmas
2024-12-01,INV1228,PROD838,Set,Georgette,Supplier C,1452,3695,274,2,7116,4212,Returning,Christmas
2024-11-13,INV1229,PROD119,Kurti,Rayon,Supplier C,724,1116,0,3,3348,1176,New,None
2024-08-13,INV1230,PROD726,Kurti,Rayon,Supplier A,811,1453,520,1,933,122,Returning,Onam
2024-08-29,INV1231,PROD778,Set,Georgette,Supplier C,1541,3562,674,1,2888,1347,New,Onam
2024-09-01,INV1232,PROD792,Set,Georgette,Supplier B,1577,3441,0,3,10323,5592,Returning,None
2024-12-14,INV1233,PROD330,Set,Georgette,Supplier C,1895,2893,385,1,2508,613,Returning,Christmas
2024-06-01,INV1234,PROD394,Kurti,Rayon,Supplier C,850,1262,0,2,2524,824,Returning,None
2024-03-03,INV1235,PROD831,Set,Georgette,Supplier B,1753,2799,0,2,5598,2092,Returning,None
2024-02-10,INV1236,PROD947,Kurti,Rayon,Supplier C,731,1482,0,2,2964,1502,New,None
2024-10-02,INV1237,PROD151,Kurti,Rayon,Supplier A,655,1415,700,3,3545,1580,New,Wedding
2024-12-08,INV1238,PROD583,Set,Georgette,Supplier C,1638,2607,523,1,2084,446,New,Christmas
2024-02-21,INV1239,PROD766,Set,Georgette,Supplier A,1963,2823,100,2,5546,1620,Returning,None
2024-04-12,INV1240,PROD856,Kurti,Rayon,Supplier B,630,1564,687,1,877,247,New,Vishu
2024-01-20,INV1241,PROD290,Saree,Silk,Supplier A,3156,5383,100,1,5283,2127,Returning,None
2024-05-28,INV1242,PROD565,Saree,Cotton,Supplier B,1090,1808,0,1,1808,718,Returning,None
2024-11-24,INV1243,PROD438,Set,Georgette,Supplier A,1916,3458,0,2,6916,3084,New,None
2024-03-24,INV1244,PROD681,Set,Georgette,Supplier C,1663,2881,0,1,2881,1218,Returning,None
2024-12-11,INV1245,PROD510,Saree,Cotton,Supplier C,1007,1923,627,2,3219,1205,New,Christmas
2024-12-08,INV1246,PROD341,Saree,Cotton,Supplier A,1044,1665,106,1,1559,515,New,Christmas
2024-08-16,INV1247,PROD468,Kurti,Rayon,Supplier B,898,1470,111,3,4299,1605,New,Onam
2024-12-20,INV1248,PROD614,Saree,Cotton,Supplier C,860,1738,263,2,3213,1493,Returning,Christmas
2024-12-26,INV1249,PROD236,Kurti,Rayon,Supplier C,751,1288,326,3,3538,1285,New,Christmas
2024-09-01,INV1250,PROD880,Saree,Silk,Supplier C,2820,4265,100,2,8430,2790,New,None
2024-05-06,INV1251,PROD677,Set,Georgette,Supplier C,1857,3581,0,3,10743,5172,New,None
2024-02-27,INV1252,PROD219,Saree,Cotton,Supplier C,1074,1576,0,1,1576,502,Returning,None
2024-12-14,INV1253,PROD625,Saree,Silk,Supplier A,3120,4545,156,2,8934,2694,Returning,Christmas
2024-07-31,INV1254,PROD360,Kurti,Rayon,Supplier C,836,1444,0,2,2888,1216,Returning,None
2024-01-02,INV1255,PROD654,Set,Georgette,Supplier C,1474,2592,0,2,5184,2236,New,None
2024-01-31,INV1256,PROD483,Saree,Silk,Supplier A,2493,4337,0,1,4337,1844,Returning,None
2024-07-14,INV1257,PROD221,Kurti,Rayon,Supplier B,641,1449,0,3,4347,2424,Returning,None
2024-04-01,INV1258,PROD574,Set,Georgette,Supplier C,1530,2956,123,1,2833,1303,Returning,Vishu
2024-12-10,INV1259,PROD382,Set,Georgette,Supplier C,1788,2970,571,1,2399,611,New,Christmas
2024-04-06,INV1260,PROD203,Set,Georgette,Supplier A,1829,3759,346,1,3413,1584,New,Vishu
2024-10-31,INV1261,PROD511,Saree,Silk,Supplier C,2888,4940,350,1,4590,1702,Returning,Wedding
2024-08-12,INV1262,PROD849,Saree,Cotton,Supplier A,871,1757,339,2,3175,1433,Returning,Onam
2024-10-21,INV1263,PROD407,Kurti,Rayon,Supplier A,754,1548,633,1,915,161,New,Wedding
2024-05-20,INV1264,PROD758,Saree,Cotton,Supplier C,1018,1784,0,2,3568,1532,Returning,None
2024-12-09,INV1265,PROD872,Kurti,Rayon,Supplier C,813,1309,407,1,902,89,New,Christmas
2024-10-02,INV1266,PROD159,Kurti,Rayon,Supplier A,753,1539,247,3,4370,2111,Returning,Wedding
2024-10-14,INV1267,PROD438,Kurti,Rayon,Supplier C,871,1168,348,2,1988,246,New,Wedding
2024-11-27,INV1268,PROD374,Saree,Silk,Supplier B,2294,4596,0,3,13788,6906,New,None
2024-07-12,INV1269,PROD313,Set,Georgette,Supplier A,1592,3703,0,3,11109,6333,Returning,None
2024-06-19,INV1270,PROD348,Kurti,Rayon,Supplier A,697,1592,0,3,4776,2685,Returning,None
2024-12-22,INV1271,PROD646,Set,Georgette,Supplier B,1645,3630,389,2,6871,3581,New,Christmas
2024-11-28,INV1272,PROD922,Kurti,Rayon,Supplier B,784,1362,100,2,2624,1056,New,None
2024-08-28,INV1273,PROD859,Kurti,Rayon,Supplier B,760,1311,676,1,635,-125,Returning,Onam
2024-03-15,INV1274,PROD256,Saree,Silk,Supplier C,3157,4696,100,3,13988,4517,Returning,None
2024-04-10,INV1275,PROD801,Kurti,Rayon,Supplier B,891,1526,611,1,915,24,Returning,Vishu
2024-06-21,INV1276,PROD243,Kurti,Rayon,Supplier C,851,1335,0,1,1335,484,New,None
2024-10-06,INV1277,PROD784,Kurti,Rayon,Supplier C,630,1368,176,1,1192,562,Returning,Wedding
2024-01-25,INV1278,PROD109,Saree,Silk,Supplier A,3062,4791,0,1,4791,1729,New,None
2024-04-21,INV1279,PROD116,Set,Georgette,Supplier B,1461,3765,594,3,10701,6318,Returning,Vishu
2024-01-04,INV1280,PROD117,Set,Georgette,Supplier A,1417,3584,0,3,10752,6501,Returning,None
2024-09-14,INV1281,PROD296,Set,Georgette,Supplier A,1509,2697,0,3,8091,3564,New,None
2024-11-13,INV1282,PROD570,Set,Georgette,Supplier B,1673,3312,0,1,3312,1639,Returning,None
2024-10-16,INV1283,PROD488,Saree,Cotton,Supplier B,841,1834,132,3,5370,2847,New,Wedding
2024-07-12,INV1284,PROD760,Set,Georgette,Supplier A,1409,2850,100,1,2750,1341,Returning,None
2024-06-18,INV1285,PROD147,Set,Georgette,Supplier C,1443,2970,100,1,2870,1427,Returning,None
2024-02-08,INV1286,PROD312,Set,Georgette,Supplier C,1977,2567,0,1,2567,590,New,None
2024-10-27,INV1287,PROD969,Saree,Silk,Supplier A,2506,3832,346,3,11150,3632,Returning,Wedding
2024-07-18,INV1288,PROD200,Set,Georgette,Supplier B,1543,2660,0,3,7980,3351,New,None
2024-08-11,INV1289,PROD902,Saree,Cotton,Supplier B,1003,1996,130,2,3862,1856,Returning,Onam
2024-08-18,INV1290,PROD699,Kurti,Rayon,Supplier B,883,1581,542,2,2620,854,New,Onam
2024-12-04,INV1291,PROD257,Kurti,Rayon,Supplier C,751,1508,175,1,1333,582,New,Christmas
2024-07-13,INV1292,PROD105,Set,Georgette,Supplier C,1798,3148,0,2,6296,2700,New,None
2024-06-06,INV1293,PROD559,Kurti,Rayon,Supplier B,652,1167,0,1,1167,515,Returning,None
2024-10-12,INV1294,PROD712,Set,Georgette,Supplier A,1426,2683,667,2,4699,1847,New,Wedding
2024-06-15,INV1295,PROD801,Kurti,Rayon,Supplier B,811,1298,0,1,1298,487,New,None
2024-07-13,INV1296,PROD271,Saree,Cotton,Supplier B,954,1637,0,2,3274,1366,New,None
2024-08-10,INV1297,PROD352,Kurti,Rayon,Supplier B,847,1500,469,1,1031,184,New,Onam
2024-11-16,INV1298,PROD440,Kurti,Rayon,Supplier B,654,1169,0,2,2338,1030,Returning,None
2024-11-13,INV1299,PROD428,Kurti,Rayon,Supplier B,771,1320,0,3,3960,1647,Returning,None
2024-11-04,INV1300,PROD852,Set,Georgette,Supplier B,1721,2863,0,2,5726,2284,Returning,None
2024-12-21,INV1301,PROD502,Set,Georgette,Supplier C,1648,3167,387,2,5947,2651,Returning,Christmas
2024-07-05,INV1302,PROD825,Saree,Cotton,Supplier C,1079,1592,0,3,4776,1539,Returning,None
2024-04-17,INV1303,PROD410,Kurti,Rayon,Supplier C,635,1519,611,2,2427,1157,New,Vishu
2024-05-03,INV1304,PROD712,Kurti,Rayon,Supplier C,816,1504,0,2,3008,1376,Returning,None
2024-09-02,INV1305,PROD818,Set,Georgette,Supplier C,1918,3356,0,3,10068,4314,Returning,None
2024-10-01,INV1306,PROD760,Set,Georgette,Supplier A,1654,3227,145,1,3082,1428,Returning,Wedding
2024-12-12,INV1307,PROD622,Set,Georgette,Supplier B,1840,2716,200,1,2516,676,New,Christmas
2024-09-22,INV1308,PROD125,Set,Georgette,Supplier B,1783,3301,0,2,6602,3036,Returning,None
2024-09-04,INV1309,PROD456,Saree,Silk,Supplier B,3142,5469,0,1,5469,2327,New,None
2024-06-08,INV1310,PROD548,Kurti,Rayon,Supplier A,866,1347,100,2,2594,862,New,None
2024-12-22,INV1311,PROD451,Kurti,Rayon,Supplier A,753,1122,217,3,3149,890,New,Christmas
2024-11-27,INV1312,PROD673,Saree,Cotton,Supplier C,924,1764,0,1,1764,840,Returning,None
2024-08-06,INV1313,PROD855,Kurti,Rayon,Supplier B,694,1195,542,3,3043,961,New,Onam
2024-11-10,INV1314,PROD385,Saree,Silk,Supplier C,2639,4296,0,1,4296,1657,New,None
2024-12-26,INV1315,PROD368,Saree,Cotton,Supplier C,895,1687,301,2,3073,1283,Returning,Christmas
2024-12-09,INV1316,PROD965,Kurti,Rayon,Supplier C,798,1412,216,2,2608,1012,New,Christmas
2024-08-22,INV1317,PROD420,Set,Georgette,Supplier C,1704,3758,186,3,11088,5976,Returning,Onam
2024-03-01,INV1318,PROD528,Saree,Silk,Supplier A,2387,4264,0,3,12792,5631,Returning,None
2024-11-01,INV1319,PROD601,Saree,Silk,Supplier B,2390,4496,0,3,13488,6318,New,None
2024-05-27,INV1320,PROD596,Saree,Cotton,Supplier B,1030,1817,0,1,1817,787,New,None
2024-03-10,INV1321,PROD525,Saree,Silk,Supplier C,2717,4837,100,2,9574,4140,Returning,None
2024-12-29,INV1322,PROD381,Kurti,Rayon,Supplier A,642,1389,325,1,1064,422,New,Christmas
2024-04-25,INV1323,PROD215,Set,Georgette,Supplier A,1868,3658,607,3,10367,4763,Returning,Vishu
2024-10-20,INV1324,PROD551,Saree,Silk,Supplier C,3043,4251,142,3,12611,3482,Returning,Wedding
2024-10-06,INV1325,PROD133,Saree,Silk,Supplier A,2953,5199,353,3,15244,6385,New,Wedding
2024-08-18,INV1326,PROD855,Kurti,Rayon,Supplier A,824,1543,342,1,1201,377,New,Onam
2024-10-28,INV1327,PROD933,Set,Georgette,Supplier C,1838,2839,242,3,8275,2761,Returning,Wedding
2024-04-15,INV1328,PROD820,Saree,Silk,Supplier C,2487,4722,272,3,13894,6433,New,Vishu
2024-05-29,INV1329,PROD987,Kurti,Rayon,Supplier C,648,1169,0,2,2338,1042,Returning,None
2024-12-01,INV1330,PROD792,Saree,Cotton,Supplier A,874,1864,353,2,3375,1627,Returning,Christmas
2024-07-20,INV1331,PROD177,Kurti,Rayon,Supplier C,737,1421,100,2,2742,1268,Returning,None
2024-11-20,INV1332,PROD599,Saree,Silk,Supplier C,2967,4069,0,3,12207,3306,Returning,None
2024-06-16,INV1333,PROD914,Set,Georgette,Supplier C,1495,3438,0,3,10314,5829,New,None
2024-09-30,INV1334,PROD445,Kurti,Rayon,Supplier B,708,1353,0,2,2706,1290,Returning,None
2024-10-07,INV1335,PROD741,Set,Georgette,Supplier C,1896,3203,149,3,9460,3772,New,Wedding
2024-08-23,INV1336,PROD805,Saree,Cotton,Supplier A,1025,1733,538,1,1195,170,New,Onam
2024-03-08,INV1337,PROD184,Set,Georgette,Supplier A,1680,2691,0,3,8073,3033,Returning,None
2024-07-09,INV1338,PROD771,Set,Georgette,Supplier A,1805,3781,0,2,7562,3952,Returning,None
2024-02-16,INV1339,PROD631,Set,Georgette,Supplier A,1618,3476,0,1,3476,1858,New,None
2024-12-14,INV1340,PROD589,Kurti,Rayon,Supplier A,775,1518,532,1,986,211,Returning,Christmas
2024-02-06,INV1341,PROD476,Saree,Silk,Supplier A,2948,5150,0,1,5150,2202,Returning,None
2024-06-02,INV1342,PROD724,Saree,Silk,Supplier A,2856,4886,0,1,4886,2030,New,None
2024-11-28,INV1343,PROD730,Saree,Silk,Supplier B,2939,3936,0,3,11808,2991,Returning,None
2024-12-17,INV1344,PROD539,Kurti,Rayon,Supplier A,651,1171,493,1,678,27,New,Christmas
2024-06-10,INV1345,PROD968,Saree,Cotton,Supplier B,843,1627,0,3,4881,2352,New,None
2024-12-03,INV1346,PROD155,Kurti,Rayon,Supplier C,860,1196,501,3,3087,507,New,Christmas
2024-05-02,INV1347,PROD469,Kurti,Rayon,Supplier A,723,1355,0,3,4065,1896,New,None
2024-06-11,INV1348,PROD888,Saree,Silk,Supplier C,2630,4248,0,3,12744,4854,Returning,None
2024-02-07,INV1349,PROD618,Saree,Cotton,Supplier A,934,1610,0,1,1610,676,Returning,None
2024-05-26,INV1350,PROD185,Set,Georgette,Supplier B,1811,2668,0,3,8004,2571,Returning,None
2024-06-07,INV1351,PROD815,Saree,Cotton,Supplier A,1074,1667,0,2,3334,1186,Returning,None
2024-08-11,INV1352,PROD723,Set,Georgette,Supplier A,1650,2676,218,2,5134,1834,Returning,Onam
2024-01-29,INV1353,PROD608,Kurti,Rayon,Supplier A,606,1462,0,1,1462,856,New,None
2024-06-26,INV1354,PROD889,Set,Georgette,Supplier A,1780,2759,0,3,8277,2937,New,None
2024-01-16,INV1355,PROD566,Kurti,Rayon,Supplier B,868,1132,0,2,2264,528,Returning,None
2024-09-18,INV1356,PROD891,Kurti,Rayon,Supplier B,890,1185,0,2,2370,590,Returning,None
2024-02-22,INV1357,PROD147,Set,Georgette,Supplier A,1921,2505,0,1,2505,584,New,None
2024-08-29,INV1358,PROD831,Kurti,Rayon,Supplier A,691,1576,666,1,910,219,Returning,Onam
2024-12-01,INV1359,PROD179,Kurti,Rayon,Supplier B,727,1313,427,3,3512,1331,New,Christmas
2024-10-19,INV1360,PROD510,Kurti,Rayon,Supplier C,626,1191,628,1,563,-63,Returning,Wedding
2024-02-05,INV1361,PROD477,Kurti,Rayon,Supplier B,767,1144,100,3,3332,1031,New,None
2024-04-12,INV1362,PROD894,Kurti,Rayon,Supplier C,724,1337,605,2,2069,621,Returning,Vishu
2024-04-10,INV1363,PROD751,Set,Georgette,Supplier A,1406,3339,338,1,3001,1595,Returning,Vishu
2024-12-21,INV1364,PROD642,Saree,Silk,Supplier A,2977,4846,414,2,9278,3324,New,Christmas
2024-05-01,INV1365,PROD337,Kurti,Rayon,Supplier A,672,1464,0,2,2928,1584,New,None
2024-09-23,INV1366,PROD176,Kurti,Rayon,Supplier B,643,1397,0,1,1397,754,Returning,None
2024-10-30,INV1367,PROD920,Set,Georgette,Supplier B,1533,2984,367,2,5601,2535,Returning,Wedding
2024-07-20,INV1368,PROD239,Set,Georgette,Supplier B,1863,3056,0,1,3056,1193,New,None
2024-10-26,INV1369,PROD648,Saree,Cotton,Supplier A,884,1730,421,2,3039,1271,Returning,Wedding
2024-07-02,INV1370,PROD926,Saree,Silk,Supplier B,2674,4042,0,1,4042,1368,New,None
2024-12-17,INV1371,PROD505,Kurti,Rayon,Supplier A,767,1175,354,1,821,54,Returning,Christmas
2024-09-19,INV1372,PROD669,Saree,Silk,Supplier B,3039,3856,100,1,3756,717,Returning,None
2024-10-08,INV1373,PROD950,Saree,Cotton,Supplier B,852,1911,224,1,1687,835,New,Wedding
2024-04-23,INV1374,PROD365,Saree,Cotton,Supplier B,990,1851,186,3,5367,2397,Returning,Vishu
2024-02-08,INV1375,PROD225,Saree,Cotton,Supplier A,1027,1914,0,1,1914,887,Returning,None
2024-01-22,INV1376,PROD130,Kurti,Rayon,Supplier A,893,1321,100,3,3863,1184,Returning,None
2024-07-14,INV1377,PROD556,Set,Georgette,Supplier A,1762,2939,0,1,2939,1177,Returning,None
2024-03-17,INV1378,PROD189,Saree,Cotton,Supplier C,951,1755,100,2,3410,1508,New,None
2024-05-23,INV1379,PROD491,Kurti,Rayon,Supplier B,702,1429,0,3,4287,2181,New,None
2024-12-31,INV1380,PROD376,Kurti,Rayon,Supplier C,848,1276,614,3,3214,670,New,Christmas
2024-04-02,INV1381,PROD583,Saree,Silk,Supplier C,2424,3560,159,2,6961,2113,Returning,Vishu
2024-09-28,INV1382,PROD646,Kurti,Rayon,Supplier A,651,1226,0,3,3678,1725,Returning,None
2024-01-29,INV1383,PROD706,Saree,Silk,Supplier B,3157,5218,0,1,5218,2061,New,None
2024-06-11,INV1384,PROD956,Set,Georgette,Supplier C,1428,3220,0,3,9660,5376,New,None
2024-09-09,INV1385,PROD716,Set,Georgette,Supplier A,1902,2577,0,1,2577,675,New,None
2024-04-22,INV1386,PROD448,Saree,Silk,Supplier A,2539,5379,306,3,15831,8214,Returning,Vishu
2024-03-31,INV1387,PROD966,Kurti,Rayon,Supplier A,675,1400,0,3,4200,2175,New,None
2024-09-26,INV1388,PROD430,Kurti,Rayon,Supplier B,802,1400,0,1,1400,598,Returning,None
2024-03-10,INV1389,PROD824,Saree,Silk,Supplier C,3183,4497,0,3,13491,3942,New,None
2024-10-14,INV1390,PROD846,Set,Georgette,Supplier A,1579,3274,401,2,6147,2989,New,Wedding
2024-01-01,INV1391,PROD754,Set,Georgette,Supplier C,1433,2872,0,3,8616,4317,New,None
2024-10-16,INV1392,PROD427,Saree,Silk,Supplier A,2539,5026,343,1,4683,2144,New,Wedding
2024-03-26,INV1393,PROD355,Set,Georgette,Supplier C,1743,3414,0,1,3414,1671,New,None
2024-12-20,INV1394,PROD548,Saree,Silk,Supplier B,3005,3721,101,3,11062,2047,New,Christmas
2024-08-02,INV1395,PROD948,Saree,Silk,Supplier B,3102,4275,659,2,7891,1687,New,Onam
2024-09-02,INV1396,PROD426,Set,Georgette,Supplier A,1862,2650,0,1,2650,788,New,None
2024-05-13,INV1397,PROD660,Saree,Cotton,Supplier B,887,1954,0,2,3908,2134,New,None
2024-02-17,INV1398,PROD260,Kurti,Rayon,Supplier C,615,1320,0,3,3960,2115,Returning,None
2024-01-28,INV1399,PROD404,Saree,Silk,Supplier A,3197,3889,0,2,7778,1384,Returning,None
2024-05-01,INV1400,PROD469,Saree,Cotton,Supplier B,1092,1781,0,2,3562,1378,New,None
2024-01-02,INV1401,PROD274,Kurti,Rayon,Supplier B,845,1202,0,1,1202,357,New,None
2024-11-22,INV1402,PROD776,Kurti,Rayon,Supplier B,659,1257,100,2,2414,1096,Returning,None
2024-05-15,INV1403,PROD556,Saree,Silk,Supplier A,2579,5313,0,2,10626,5468,New,None
2024-01-23,INV1404,PROD870,Kurti,Rayon,Supplier B,734,1215,0,2,2430,962,New,None
2024-12-22,INV1405,PROD960,Set,Georgette,Supplier A,1752,3608,332,2,6884,3380,Returning,Christmas
2024-07-17,INV1406,PROD180,Set,Georgette,Supplier C,1886,3672,100,1,3572,1686,Returning,None
2024-07-21,INV1407,PROD875,Set,Georgette,Supplier C,1984,3558,0,3,10674,4722,New,None
2024-08-17,INV1408,PROD799,Saree,Cotton,Supplier A,898,1564,533,1,1031,133,New,Onam
2024-08-10,INV1409,PROD669,Saree,Cotton,Supplier C,932,1663,168,3,4821,2025,New,Onam
2024-07-22,INV1410,PROD524,Set,Georgette,Supplier B,1932,3438,100,1,3338,1406,New,None
2024-03-17,INV1411,PROD998,Saree,Cotton,Supplier A,1088,1899,0,1,1899,811,Returning,None
2024-07-29,INV1412,PROD276,Kurti,Rayon,Supplier C,848,1392,100,3,4076,1532,New,None
2024-05-21,INV1413,PROD150,Kurti,Rayon,Supplier C,805,1119,0,2,2238,628,New,None
2024-08-31,INV1414,PROD603,Kurti,Rayon,Supplier A,772,1518,418,2,2618,1074,New,Onam
2024-12-22,INV1415,PROD428,Set,Georgette,Supplier A,1537,3115,553,3,8792,4181,Returning,Christmas
2024-05-17,INV1416,PROD858,Set,Georgette,Supplier C,1491,2884,0,2,5768,2786,Returning,None
2024-09-05,INV1417,PROD238,Set,Georgette,Supplier A,1927,2825,0,1,2825,898,Returning,None
2024-09-25,INV1418,PROD567,Set,Georgette,Supplier A,1597,2911,0,1,2911,1314,New,None
2024-01-26,INV1419,PROD797,Kurti,Rayon,Supplier B,788,1521,100,2,2942,1366,New,None
2024-01-16,INV1420,PROD452,Saree,Silk,Supplier B,2808,4413,100,1,4313,1505,Returning,None
2024-03-24,INV1421,PROD977,Kurti,Rayon,Supplier B,614,1297,0,1,1297,683,New,None
2024-04-23,INV1422,PROD985,Set,Georgette,Supplier C,1611,3051,519,3,8634,3801,Returning,Vishu
2024-12-15,INV1423,PROD722,Saree,Silk,Supplier A,2862,3854,108,3,11454,2868,New,Christmas
2024-06-05,INV1424,PROD577,Set,Georgette,Supplier B,1785,3214,0,2,6428,2858,New,None
2024-06-03,INV1425,PROD405,Set,Georgette,Supplier C,1504,2515,0,3,7545,3033,Returning,None
2024-12-16,INV1426,PROD367,Saree,Silk,Supplier A,2544,4066,432,3,11766,4134,Returning,Christmas
2024-12-01,INV1427,PROD921,Set,Georgette,Supplier A,1553,3559,158,1,3401,1848,Returning,Christmas
2024-11-03,INV1428,PROD365,Kurti,Rayon,Supplier C,671,1469,100,1,1369,698,Returning,None
2024-08-02,INV1429,PROD451,Kurti,Rayon,Supplier C,618,1398,685,3,3509,1655,Returning,Onam
2024-12-31,INV1430,PROD997,Saree,Silk,Supplier C,2567,4538,274,2,8802,3668,Returning,Christmas
2024-10-12,INV1431,PROD672,Saree,Silk,Supplier A,2682,3762,364,3,10922,2876,Returning,Wedding
2024-04-03,INV1432,PROD414,Set,Georgette,Supplier C,1491,2955,328,2,5582,2600,Returning,Vishu
2024-08-03,INV1433,PROD987,Kurti,Rayon,Supplier B,899,1250,220,2,2280,482,Returning,Onam
2024-11-20,INV1434,PROD523,Set,Georgette,Supplier B,1599,3524,100,1,3424,1825,Returning,None
2024-01-28,INV1435,PROD423,Saree,Cotton,Supplier A,975,1709,100,3,5027,2102,New,None
2024-04-02,INV1436,PROD380,Saree,Silk,Supplier B,2846,3862,159,2,7565,1873,New,Vishu
2024-04-17,INV1437,PROD513,Saree,Cotton,Supplier B,845,1566,544,3,4154,1619,Returning,Vishu
2024-08-07,INV1438,PROD429,Kurti,Rayon,Supplier A,619,1373,482,1,891,272,Returning,Onam
2024-09-28,INV1439,PROD810,Saree,Cotton,Supplier C,802,1820,0,3,5460,3054,New,None
2024-06-25,INV1440,PROD166,Kurti,Rayon,Supplier A,796,1357,0,3,4071,1683,New,None
2024-01-24,INV1441,PROD803,Kurti,Rayon,Supplier B,866,1405,0,3,4215,1617,Returning,None
2024-03-09,INV1442,PROD329,Kurti,Rayon,Supplier B,696,1184,0,2,2368,976,New,None
2024-03-08,INV1443,PROD484,Saree,Cotton,Supplier C,1058,1586,0,1,1586,528,New,None
2024-11-23,INV1444,PROD806,Kurti,Rayon,Supplier C,624,1438,0,1,1438,814,New,None
2024-02-29,INV1445,PROD310,Kurti,Rayon,Supplier B,663,1380,100,2,2660,1334,New,None
2024-12-21,INV1446,PROD720,Set,Georgette,Supplier B,1830,2706,632,3,7486,1996,New,Christmas
2024-12-24,INV1447,PROD903,Saree,Silk,Supplier A,2723,4972,220,3,14696,6527,New,Christmas
2024-02-24,INV1448,PROD820,Kurti,Rayon,Supplier C,702,1498,0,2,2996,1592,Returning,None
2024-07-28,INV1449,PROD340,Kurti,Rayon,Supplier A,880,1354,100,1,1254,374,Returning,None
2024-01-02,INV1450,PROD898,Saree,Cotton,Supplier A,1093,1842,0,2,3684,1498,New,None
2024-09-18,INV1451,PROD151,Saree,Cotton,Supplier B,918,1733,0,2,3466,1630,Returning,None
2024-02-21,INV1452,PROD856,Saree,Cotton,Supplier B,984,1910,0,3,5730,2778,Returning,None
2024-02-29,INV1453,PROD466,Saree,Cotton,Supplier A,870,1839,0,3,5517,2907,Returning,None
2024-08-12,INV1454,PROD509,Set,Georgette,Supplier C,1495,3263,287,2,6239,3249,New,Onam
2024-08-21,INV1455,PROD812,Kurti,Rayon,Supplier C,844,1509,270,2,2748,1060,New,Onam
2024-01-31,INV1456,PROD725,Saree,Cotton,Supplier B,1047,1910,100,3,5630,2489,New,None
2024-07-13,INV1457,PROD551,Kurti,Rayon,Supplier C,666,1347,0,2,2694,1362,Returning,None
2024-01-24,INV1458,PROD631,Saree,Silk,Supplier C,2521,3525,0,3,10575,3012,Returning,None
2024-09-24,INV1459,PROD959,Set,Georgette,Supplier B,1654,3486,100,2,6872,3564,New,None
2024-10-12,INV1460,PROD176,Set,Georgette,Supplier A,1560,3535,607,2,6463,3343,Returning,Wedding
2024-09-08,INV1461,PROD512,Kurti,Rayon,Supplier B,742,1125,0,3,3375,1149,Returning,None
2024-04-30,INV1462,PROD557,Saree,Silk,Supplier B,3020,4673,190,2,9156,3116,Returning,Vishu
2024-06-10,INV1463,PROD136,Saree,Silk,Supplier C,2869,3536,100,1,3436,567,Returning,None
2024-10-12,INV1464,PROD567,Set,Georgette,Supplier A,1711,3541,311,3,10312,5179,Returning,Wedding
2024-06-23,INV1465,PROD833,Kurti,Rayon,Supplier A,832,1269,100,3,3707,1211,Returning,None
2024-08-19,INV1466,PROD919,Saree,Cotton,Supplier C,913,1501,463,2,2539,713,Returning,Onam
2024-05-29,INV1467,PROD941,Set,Georgette,Supplier C,1508,2593,100,1,2493,985,New,None
2024-07-28,INV1468,PROD568,Saree,Silk,Supplier C,2400,3884,100,1,3784,1384,New,None
2024-04-07,INV1469,PROD561,Set,Georgette,Supplier A,1824,2595,226,3,7559,2087,Returning,Vishu
2024-08-22,INV1470,PROD543,Set,Georgette,Supplier B,1404,3586,149,3,10609,6397,Returning,Onam
2024-10-26,INV1471,PROD773,Kurti,Rayon,Supplier C,896,1188,231,3,3333,645,New,Wedding
2024-11-03,INV1472,PROD507,Set,Georgette,Supplier C,1793,3357,0,3,10071,4692,Returning,None
2024-06-24,INV1473,PROD828,Kurti,Rayon,Supplier A,670,1311,0,3,3933,1923,Returning,None
2024-10-10,INV1474,PROD788,Set,Georgette,Supplier A,1614,3778,397,3,10937,6095,Returning,Wedding
2024-03-08,INV1475,PROD675,Set,Georgette,Supplier C,1955,3160,0,3,9480,3615,Returning,None
2024-09-02,INV1476,PROD125,Set,Georgette,Supplier C,1946,3085,0,2,6170,2278,New,None
2024-07-14,INV1477,PROD799,Saree,Cotton,Supplier C,828,1602,0,2,3204,1548,Returning,None
2024-05-08,INV1478,PROD933,Saree,Cotton,Supplier C,951,1604,0,3,4812,1959,Returning,None
2024-08-19,INV1479,PROD917,Saree,Cotton,Supplier C,1087,1699,623,1,1076,-11,Returning,Onam
2024-12-22,INV1480,PROD155,Kurti,Rayon,Supplier B,798,1313,420,3,3519,1125,Returning,Christmas
2024-01-07,INV1481,PROD894,Set,Georgette,Supplier A,1853,2961,0,3,8883,3324,New,None
2024-04-09,INV1482,PROD141,Kurti,Rayon,Supplier A,638,1195,626,1,569,-69,New,Vishu
2024-08-07,INV1483,PROD826,Kurti,Rayon,Supplier A,682,1399,105,2,2693,1329,New,Onam
2024-03-20,INV1484,PROD908,Saree,Cotton,Supplier B,826,1896,0,3,5688,3210,Returning,None
2024-10-20,INV1485,PROD905,Set,Georgette,Supplier A,1725,3576,288,1,3288,1563,Returning,Wedding
2024-09-15,INV1486,PROD318,Saree,Silk,Supplier C,2749,4326,0,1,4326,1577,New,None
2024-12-05,INV1487,PROD674,Kurti,Rayon,Supplier B,750,1211,643,3,2990,740,Returning,Christmas
2024-11-28,INV1488,PROD798,Saree,Cotton,Supplier C,977,1728,0,1,1728,751,New,None
2024-06-13,INV1489,PROD629,Kurti,Rayon,Supplier B,731,1376,0,3,4128,1935,New,None
2024-07-10,INV1490,PROD626,Set,Georgette,Supplier B,1444,3107,0,3,9321,4989,Returning,None
2024-02-12,INV1491,PROD786,Saree,Cotton,Supplier C,1073,1503,0,3,4509,1290,New,None
2024-11-18,INV1492,PROD864,Saree,Silk,Supplier A,2410,4601,100,3,13703,6473,New,None
2024-12-17,INV1493,PROD913,Saree,Cotton,Supplier B,969,1519,175,1,1344,375,New,Christmas
2024-05-08,INV1494,PROD745,Set,Georgette,Supplier C,1633,3029,100,2,5958,2692,Returning,None
2024-07-26,INV1495,PROD874,Kurti,Rayon,Supplier A,799,1444,0,1,1444,645,New,None
2024-10-26,INV1496,PROD388,Saree,Cotton,Supplier B,1057,1554,408,2,2700,586,Returning,Wedding
2024-08-12,INV1497,PROD864,Kurti,Rayon,Supplier C,615,1342,646,1,696,81,New,Onam
2024-07-19,INV1498,PROD666,Set,Georgette,Supplier C,1547,3110,0,3,9330,4689,New,None
2024-10-11,INV1499,PROD187,Saree,Cotton,Supplier A,802,1793,503,3,4876,2470,Returning,Wedding
2024-06-05,INV1500,PROD288,Saree,Silk,Supplier A,2622,5354,0,3,16062,8196,New,None
2024-04-23,INV1501,PROD971,Set,Georgette,Supplier A,1517,2871,680,3,7933,3382,Returning,Vishu
2024-10-08,INV1502,PROD598,Kurti,Rayon,Supplier B,634,1228,302,1,926,292,Returning,Wedding
2024-06-18,INV1503,PROD425,Kurti,Rayon,Supplier C,720,1151,0,2,2302,862,New,None
2024-09-05,INV1504,PROD927,Kurti,Rayon,Supplier C,756,1455,0,3,4365,2097,Returning,None
2024-06-10,INV1505,PROD960,Kurti,Rayon,Supplier A,760,1226,100,1,1126,366,Returning,None
2024-07-03,INV1506,PROD664,Saree,Silk,Supplier B,2673,4412,0,2,8824,3478,Returning,None
2024-02-25,INV1507,PROD851,Saree,Cotton,Supplier B,871,1956,0,3,5868,3255,Returning,None
2024-11-16,INV1508,PROD137,Saree,Cotton,Supplier A,1059,1823,100,1,1723,664,New,None
2024-10-09,INV1509,PROD703,Kurti,Rayon,Supplier C,676,1287,328,2,2246,894,Returning,Wedding
2024-05-28,INV1510,PROD778,Saree,Silk,Supplier C,2722,3685,0,2,7370,1926,New,None
2024-05-02,INV1511,PROD853,Set,Georgette,Supplier C,1543,3413,0,1,3413,1870,New,None
2024-09-04,INV1512,PROD339,Kurti,Rayon,Supplier A,849,1218,0,1,1218,369,Returning,None
2024-01-22,INV1513,PROD140,Set,Georgette,Supplier C,1769,3294,100,2,6488,2950,New,None
2024-11-28,INV1514,PROD485,Kurti,Rayon,Supplier C,866,1424,0,2,2848,1116,New,None
2024-11-30,INV1515,PROD628,Kurti,Rayon,Supplier C,639,1364,100,2,2628,1350,New,None
2024-07-26,INV1516,PROD550,Kurti,Rayon,Supplier B,846,1554,0,3,4662,2124,New,None
2024-03-25,INV1517,PROD470,Saree,Cotton,Supplier C,943,1608,0,1,1608,665,New,None
2024-11-04,INV1518,PROD791,Set,Georgette,Supplier C,1635,3349,0,2,6698,3428,Returning,None
2024-09-02,INV1519,PROD144,Kurti,Rayon,Supplier C,682,1431,0,2,2862,1498,New,None
2024-03-06,INV1520,PROD270,Set,Georgette,Supplier A,1924,2580,0,3,7740,1968,New,None
2024-05-12,INV1521,PROD187,Saree,Silk,Supplier C,3192,4654,0,3,13962,4386,Returning,None
2024-04-20,INV1522,PROD940,Kurti,Rayon,Supplier B,687,1212,246,2,2178,804,Returning,Vishu
2024-04-03,INV1523,PROD494,Set,Georgette,Supplier A,1750,3428,170,3,10114,4864,New,Vishu
2024-03-08,INV1524,PROD720,Saree,Cotton,Supplier A,1067,1940,100,3,5720,2519,New,None
2024-02-19,INV1525,PROD593,Saree,Silk,Supplier C,2814,3579,0,3,10737,2295,New,None
2024-12-03,INV1526,PROD814,Saree,Cotton,Supplier C,1020,1767,479,2,3055,1015,Returning,Christmas
2024-09-28,INV1527,PROD237,Kurti,Rayon,Supplier B,795,1279,0,3,3837,1452,Returning,None
2024-05-10,INV1528,PROD293,Kurti,Rayon,Supplier A,745,1406,100,3,4118,1883,Returning,None
2024-01-03,INV1529,PROD770,Set,Georgette,Supplier C,1935,2741,0,3,8223,2418,Returning,None
2024-04-15,INV1530,PROD359,Set,Georgette,Supplier B,1770,2718,536,1,2182,412,Returning,Vishu
2024-05-13,INV1531,PROD523,Set,Georgette,Supplier C,1774,3753,100,2,7406,3858,New,None
2024-10-09,INV1532,PROD414,Set,Georgette,Supplier A,1779,3645,595,3,10340,5003,New,Wedding
2024-10-22,INV1533,PROD557,Kurti,Rayon,Supplier C,670,1537,221,3,4390,2380,Returning,Wedding
2024-12-24,INV1534,PROD800,Saree,Cotton,Supplier A,1060,1705,663,2,2747,627,Returning,Christmas
2024-12-27,INV1535,PROD714,Saree,Cotton,Supplier B,802,1911,248,1,1663,861,Returning,Christmas
2024-08-10,INV1536,PROD510,Saree,Cotton,Supplier B,913,1689,138,1,1551,638,Returning,Onam
2024-11-10,INV1537,PROD110,Set,Georgette,Supplier C,1458,2858,100,3,8474,4100,Returning,None
2024-04-13,INV1538,PROD729,Set,Georgette,Supplier A,1434,3727,628,3,10553,6251,Returning,Vishu
2024-03-27,INV1539,PROD898,Set,Georgette,Supplier B,1644,2500,0,1,2500,856,Returning,None
2024-07-23,INV1540,PROD192,Kurti,Rayon,Supplier B,900,1202,0,3,3606,906,New,None
2024-10-08,INV1541,PROD513,Kurti,Rayon,Supplier B,741,1215,299,3,3346,1123,Returning,Wedding
2024-10-21,INV1542,PROD401,Saree,Silk,Supplier A,2616,4536,672,1,3864,1248,New,Wedding
2024-06-23,INV1543,PROD486,Saree,Silk,Supplier C,3032,5124,0,3,15372,6276,Returning,None
2024-10-15,INV1544,PROD593,Kurti,Rayon,Supplier B,834,1448,700,2,2196,528,Returning,Wedding
2024-02-29,INV1545,PROD522,Kurti,Rayon,Supplier B,712,1446,0,3,4338,2202,Returning,None
2024-06-29,INV1546,PROD789,Set,Georgette,Supplier C,1669,3008,0,2,6016,2678,Returning,None
2024-06-24,INV1547,PROD864,Saree,Cotton,Supplier B,960,1681,0,1,1681,721,New,None
2024-12-15,INV1548,PROD311,Saree,Silk,Supplier C,2404,3980,347,3,11593,4381,Returning,Christmas
2024-04-27,INV1549,PROD792,Saree,Cotton,Supplier C,982,1579,222,1,1357,375,Returning,Vishu
2024-12-05,INV1550,PROD604,Kurti,Rayon,Supplier C,621,1534,480,2,2588,1346,Returning,Christmas
2024-10-21,INV1551,PROD231,Kurti,Rayon,Supplier A,861,1243,327,2,2159,437,Returning,Wedding
2024-01-28,INV1552,PROD981,Set,Georgette,Supplier B,1953,2566,0,3,7698,1839,Returning,None
2024-12-17,INV1553,PROD112,Saree,Silk,Supplier A,2915,4561,423,2,8699,2869,Returning,Christmas
2024-12-11,INV1554,PROD369,Saree,Silk,Supplier C,2303,4166,365,2,7967,3361,New,Christmas
2024-05-01,INV1555,PROD315,Kurti,Rayon,Supplier C,775,1287,100,1,1187,412,Returning,None
2024-08-02,INV1556,PROD689,Set,Georgette,Supplier B,1810,3072,284,2,5860,2240,Returning,Onam
2024-12-17,INV1557,PROD490,Saree,Cotton,Supplier C,938,1911,668,1,1243,305,Returning,Christmas
2024-04-10,INV1558,PROD969,Saree,Cotton,Supplier B,804,1590,611,2,2569,961,New,Vishu
2024-11-18,INV1559,PROD201,Set,Georgette,Supplier B,1707,3013,0,3,9039,3918,Returning,None
2024-12-19,INV1560,PROD442,Saree,Cotton,Supplier A,930,1743,198,3,5031,2241,Returning,Christmas
2024-05-13,INV1561,PROD521,Kurti,Rayon,Supplier C,885,1577,0,2,3154,1384,New,None
2024-03-03,INV1562,PROD463,Kurti,Rayon,Supplier C,894,1432,0,3,4296,1614,Returning,None
2024-06-15,INV1563,PROD746,Set,Georgette,Supplier C,1857,2660,0,2,5320,1606,Returning,None
2024-03-15,INV1564,PROD181,Saree,Silk,Supplier B,2846,4754,100,3,14162,5624,New,None
2024-03-23,INV1565,PROD377,Kurti,Rayon,Supplier B,762,1434,0,2,2868,1344,Returning,None
2024-08-15,INV1566,PROD777,Kurti,Rayon,Supplier B,685,1194,228,1,966,281,Returning,Onam
2024-05-08,INV1567,PROD999,Set,Georgette,Supplier A,1570,3313,0,1,3313,1743,New,None
2024-08-30,INV1568,PROD259,Set,Georgette,Supplier A,1806,3573,206,1,3367,1561,New,Onam
2024-02-13,INV1569,PROD741,Set,Georgette,Supplier B,1634,3006,0,3,9018,4116,Returning,None
2024-03-05,INV1570,PROD578,Saree,Cotton,Supplier A,817,1839,0,2,3678,2044,Returning,None
2024-10-03,INV1571,PROD751,Kurti,Rayon,Supplier A,876,1190,567,3,3003,375,Returning,Wedding
2024-10-15,INV1572,PROD474,Kurti,Rayon,Supplier B,846,1376,191,1,1185,339,Returning,Wedding
2024-07-30,INV1573,PROD393,Kurti,Rayon,Supplier B,605,1100,0,3,3300,1485,Returning,None
2024-08-28,INV1574,PROD917,Set,Georgette,Supplier C,1903,3477,109,2,6845,3039,Returning,Onam
2024-05-29,INV1575,PROD504,Set,Georgette,Supplier A,1961,3265,100,1,3165,1204,Returning,None
2024-05-07,INV1576,PROD629,Saree,Silk,Supplier B,2425,4038,100,1,3938,1513,New,None
2024-11-09,INV1577,PROD286,Set,Georgette,Supplier B,1944,3050,0,2,6100,2212,New,None
2024-03-10,INV1578,PROD292,Kurti,Rayon,Supplier C,833,1416,0,2,2832,1166,Returning,None
2024-06-13,INV1579,PROD375,Saree,Cotton,Supplier A,1073,1511,0,1,1511,438,Returning,None
2024-03-05,INV1580,PROD605,Set,Georgette,Supplier C,1408,2976,0,1,2976,1568,New,None
2024-04-21,INV1581,PROD963,Kurti,Rayon,Supplier B,855,1290,132,2,2448,738,New,Vishu
2024-03-15,INV1582,PROD961,Saree,Silk,Supplier B,2273,4612,0,2,9224,4678,New,None
2024-05-08,INV1583,PROD303,Kurti,Rayon,Supplier A,727,1297,0,2,2594,1140,New,None
2024-08-23,INV1584,PROD262,Set,Georgette,Supplier C,1613,3468,419,2,6517,3291,Returning,Onam
2024-11-18,INV1585,PROD753,Set,Georgette,Supplier C,1962,3566,0,1,3566,1604,Returning,None
2024-06-01,INV1586,PROD748,Saree,Silk,Supplier A,3084,4865,0,1,4865,1781,New,None
2024-08-10,INV1587,PROD109,Kurti,Rayon,Supplier A,741,1399,505,1,894,153,Returning,Onam
2024-01-22,INV1588,PROD611,Set,Georgette,Supplier C,1558,3260,0,1,3260,1702,New,None
2024-02-16,INV1589,PROD228,Set,Georgette,Supplier C,1461,2622,0,2,5244,2322,New,None
2024-09-06,INV1590,PROD121,Saree,Silk,Supplier C,3007,4820,100,2,9540,3526,New,None
2024-12-18,INV1591,PROD672,Kurti,Rayon,Supplier C,668,1228,596,1,632,-36,Returning,Christmas
2024-05-30,INV1592,PROD849,Set,Georgette,Supplier A,1980,2882,0,3,8646,2706,Returning,None
2024-08-27,INV1593,PROD654,Kurti,Rayon,Supplier A,871,1179,402,2,1956,214,Returning,Onam
2024-07-06,INV1594,PROD734,Kurti,Rayon,Supplier C,859,1294,0,3,3882,1305,New,None
2024-07-05,INV1595,PROD884,Set,Georgette,Supplier B,1464,3603,0,2,7206,4278,Returning,None
2024-10-09,INV1596,PROD774,Saree,Silk,Supplier B,2619,4812,213,2,9411,4173,New,Wedding
2024-02-04,INV1597,PROD201,Saree,Cotton,Supplier A,816,1603,100,1,1503,687,New,None
2024-01-17,INV1598,PROD475,Set,Georgette,Supplier C,1901,3576,0,3,10728,5025,New,None
2024-04-23,INV1599,PROD162,Set,Georgette,Supplier A,1613,3506,579,1,2927,1314,Returning,Vishu
2024-07-03,INV1600,PROD954,Set,Georgette,Supplier B,1459,3763,0,2,7526,4608,New,None
2024-06-04,INV1601,PROD294,Saree,Cotton,Supplier C,849,1551,0,3,4653,2106,Returning,None
2024-04-08,INV1602,PROD208,Set,Georgette,Supplier C,1583,3643,671,3,10258,5509,Returning,Vishu
2024-11-22,INV1603,PROD663,Set,Georgette,Supplier C,1869,3374,0,1,3374,1505,New,None
2024-07-24,INV1604,PROD422,Set,Georgette,Supplier C,1561,3593,100,3,10679,5996,Returning,None
2024-10-08,INV1605,PROD676,Kurti,Rayon,Supplier B,820,1522,431,3,4135,1675,Returning,Wedding
2024-10-06,INV1606,PROD558,Saree,Silk,Supplier C,3148,5024,468,2,9580,3284,Returning,Wedding
2024-07-22,INV1607,PROD407,Saree,Cotton,Supplier B,808,1765,0,1,1765,957,New,None
2024-04-23,INV1608,PROD623,Saree,Silk,Supplier A,2990,5183,382,3,15167,6197,Returning,Vishu
2024-10-11,INV1609,PROD475,Set,Georgette,Supplier A,1438,3442,259,2,6625,3749,New,Wedding
2024-10-25,INV1610,PROD322,Saree,Cotton,Supplier B,953,1547,509,3,4132,1273,Returning,Wedding
2024-02-09,INV1611,PROD138,Set,Georgette,Supplier B,1577,3499,0,3,10497,5766,Returning,None
2024-10-22,INV1612,PROD223,Kurti,Rayon,Supplier A,771,1278,526,2,2030,488,Returning,Wedding
2024-04-26,INV1613,PROD652,Set,Georgette,Supplier C,1791,2610,636,2,4584,1002,New,Vishu
2024-10-16,INV1614,PROD502,Saree,Silk,Supplier C,2914,3952,151,1,3801,887,Returning,Wedding
2024-08-16,INV1615,PROD184,Set,Georgette,Supplier A,1842,3093,251,2,5935,2251,New,Onam
2024-08-31,INV1616,PROD892,Set,Georgette,Supplier C,1808,3037,508,1,2529,721,Returning,Onam
2024-12-23,INV1617,PROD300,Saree,Cotton,Supplier B,1086,1601,504,2,2698,526,Returning,Christmas
2024-10-14,INV1618,PROD689,Set,Georgette,Supplier A,1473,3045,431,2,5659,2713,Returning,Wedding
2024-02-15,INV1619,PROD708,Saree,Silk,Supplier B,2574,4213,0,1,4213,1639,Returning,None
2024-12-01,INV1620,PROD937,Saree,Silk,Supplier A,2558,4762,249,2,9275,4159,Returning,Christmas
2024-04-29,INV1621,PROD348,Saree,Silk,Supplier A,2975,4991,215,1,4776,1801,Returning,Vishu
2024-11-13,INV1622,PROD582,Saree,Silk,Supplier A,2551,4920,0,1,4920,2369,Returning,None
2024-01-12,INV1623,PROD737,Kurti,Rayon,Supplier C,875,1208,0,1,1208,333,Returning,None
2024-03-13,INV1624,PROD161,Set,Georgette,Supplier B,1996,3578,0,1,3578,1582,New,None
2024-05-25,INV1625,PROD776,Saree,Silk,Supplier A,2676,4840,0,1,4840,2164,Returning,None
2024-05-18,INV1626,PROD489,Set,Georgette,Supplier A,1419,3099,100,3,9197,4940,New,None
2024-09-17,INV1627,PROD303,Set,Georgette,Supplier B,1896,3722,0,3,11166,5478,New,None
2024-09-13,INV1628,PROD601,Kurti,Rayon,Supplier A,726,1572,0,3,4716,2538,Returning,None
2024-07-20,INV1629,PROD613,Set,Georgette,Supplier A,1755,3220,0,2,6440,2930,New,None
2024-05-21,INV1630,PROD255,Saree,Silk,Supplier B,3111,5168,0,1,5168,2057,New,None
2024-06-23,INV1631,PROD346,Kurti,Rayon,Supplier A,795,1366,0,3,4098,1713,Returning,None
2024-10-20,INV1632,PROD311,Saree,Silk,Supplier B,3131,4739,559,2,8919,2657,Returning,Wedding
2024-11-30,INV1633,PROD888,Saree,Cotton,Supplier A,958,1852,0,3,5556,2682,Returning,None
2024-03-15,INV1634,PROD425,Set,Georgette,Supplier B,1469,3641,0,3,10923,6516,New,None
2024-03-15,INV1635,PROD255,Set,Georgette,Supplier B,1823,3342,100,2,6584,2938,Returning,None
2024-04-06,INV1636,PROD727,Saree,Cotton,Supplier A,813,1890,373,3,5297,2858,Returning,Vishu
2024-04-28,INV1637,PROD966,Set,Georgette,Supplier A,1426,3235,588,1,2647,1221,New,Vishu
2024-11-05,INV1638,PROD297,Kurti,Rayon,Supplier A,798,1351,0,2,2702,1106,New,None
2024-04-25,INV1639,PROD307,Saree,Silk,Supplier A,3147,4052,327,2,7777,1483,Returning,Vishu
2024-04-14,INV1640,PROD537,Saree,Cotton,Supplier B,1050,1852,568,2,3136,1036,Returning,Vishu
2024-07-26,INV1641,PROD562,Saree,Silk,Supplier C,2520,4307,0,3,12921,5361,New,None
2024-08-21,INV1642,PROD628,Saree,Cotton,Supplier C,1075,1702,140,3,4966,1741,Returning,Onam
2024-11-18,INV1643,PROD270,Saree,Cotton,Supplier B,1025,1703,0,2,3406,1356,Returning,None
2024-08-04,INV1644,PROD562,Kurti,Rayon,Supplier C,864,1562,574,1,988,124,Returning,Onam
2024-02-16,INV1645,PROD431,Set,Georgette,Supplier A,1999,3619,100,1,3519,1520,Returning,None
2024-08-18,INV1646,PROD808,Saree,Cotton,Supplier B,903,1951,192,2,3710,1904,New,Onam
2024-11-28,INV1647,PROD187,Set,Georgette,Supplier C,1526,2686,100,1,2586,1060,Returning,None
2024-09-25,INV1648,PROD144,Set,Georgette,Supplier C,1923,3753,100,1,3653,1730,Returning,None
2024-03-28,INV1649,PROD415,Kurti,Rayon,Supplier A,674,1191,0,3,3573,1551,Returning,None
2024-06-07,INV1650,PROD737,Set,Georgette,Supplier B,1585,2740,0,1,2740,1155,New,None
2024-05-09,INV1651,PROD343,Saree,Silk,Supplier B,3075,4521,0,3,13563,4338,Returning,None
2024-04-21,INV1652,PROD660,Set,Georgette,Supplier B,1819,3404,106,1,3298,1479,New,Vishu
2024-05-22,INV1653,PROD248,Set,Georgette,Supplier A,1589,2803,0,1,2803,1214,New,None
2024-01-17,INV1654,PROD265,Set,Georgette,Supplier B,1489,2600,100,1,2500,1011,New,None
2024-12-10,INV1655,PROD430,Kurti,Rayon,Supplier B,896,1284,195,1,1089,193,Returning,Christmas
2024-07-07,INV1656,PROD224,Kurti,Rayon,Supplier B,881,1133,100,2,2166,404,New,None
2024-12-21,INV1657,PROD211,Kurti,Rayon,Supplier C,811,1368,314,1,1054,243,Returning,Christmas
2024-10-19,INV1658,PROD688,Set,Georgette,Supplier B,1694,3374,424,3,9698,4616,New,Wedding
2024-11-15,INV1659,PROD927,Kurti,Rayon,Supplier C,888,1354,100,3,3962,1298,Returning,None
2024-04-02,INV1660,PROD740,Set,Georgette,Supplier C,1697,2896,221,1,2675,978,New,Vishu
2024-03-01,INV1661,PROD673,Set,Georgette,Supplier C,1824,3347,0,1,3347,1523,Returning,None
2024-11-22,INV1662,PROD415,Saree,Cotton,Supplier C,903,1853,0,2,3706,1900,New,None
2024-06-02,INV1663,PROD952,Set,Georgette,Supplier A,1516,3182,100,2,6264,3232,New,None
2024-03-30,INV1664,PROD761,Saree,Silk,Supplier B,3144,4877,100,2,9654,3366,New,None
2024-03-10,INV1665,PROD902,Kurti,Rayon,Supplier C,835,1556,0,3,4668,2163,Returning,None
2024-07-30,INV1666,PROD313,Set,Georgette,Supplier C,1706,3657,0,3,10971,5853,New,None
2024-10-22,INV1667,PROD484,Set,Georgette,Supplier B,1467,2805,131,2,5479,2545,New,Wedding
2024-11-16,INV1668,PROD822,Set,Georgette,Supplier C,1798,2883,0,3,8649,3255,Returning,None
2024-06-10,INV1669,PROD562,Set,Georgette,Supplier B,1823,2677,0,2,5354,1708,Returning,None
2024-06-03,INV1670,PROD554,Saree,Silk,Supplier A,2314,4266,0,1,4266,1952,New,None
2024-09-16,INV1671,PROD894,Saree,Silk,Supplier C,2357,3889,100,2,7678,2964,Returning,None
2024-06-16,INV1672,PROD496,Saree,Cotton,Supplier C,867,1605,0,3,4815,2214,Returning,None
2024-12-31,INV1673,PROD147,Set,Georgette,Supplier A,1718,2590,189,3,7581,2427,New,Christmas
2024-02-22,INV1674,PROD305,Set,Georgette,Supplier A,1991,3139,0,3,9417,3444,Returning,None
2024-04-08,INV1675,PROD261,Kurti,Rayon,Supplier C,763,1495,220,2,2770,1244,New,Vishu
2024-05-20,INV1676,PROD662,Saree,Cotton,Supplier C,1086,1763,0,1,1763,677,Returning,None
2024-06-12,INV1677,PROD418,Kurti,Rayon,Supplier C,745,1393,0,1,1393,648,New,None
2024-11-09,INV1678,PROD492,Kurti,Rayon,Supplier A,666,1114,0,2,2228,896,New,None
2024-01-28,INV1679,PROD419,Saree,Silk,Supplier B,2383,4943,100,3,14729,7580,Returning,None
2024-06-19,INV1680,PROD566,Saree,Cotton,Supplier B,1090,1567,100,1,1467,377,New,None
2024-06-07,INV1681,PROD501,Set,Georgette,Supplier B,1637,2958,0,1,2958,1321,Returning,None
2024-04-03,INV1682,PROD459,Set,Georgette,Supplier B,1864,3498,166,1,3332,1468,Returning,Vishu
2024-09-02,INV1683,PROD515,Kurti,Rayon,Supplier B,778,1409,0,3,4227,1893,New,None
2024-12-31,INV1684,PROD704,Saree,Silk,Supplier C,2865,3645,645,2,6645,915,Returning,Christmas
2024-07-30,INV1685,PROD448,Saree,Cotton,Supplier C,881,1998,100,2,3896,2134,New,None
2024-04-16,INV1686,PROD785,Set,Georgette,Supplier B,1980,3200,341,3,9259,3319,New,Vishu
2024-02-09,INV1687,PROD280,Set,Georgette,Supplier A,1874,3166,0,3,9498,3876,Returning,None
2024-06-06,INV1688,PROD606,Kurti,Rayon,Supplier C,655,1450,100,3,4250,2285,Returning,None
2024-11-26,INV1689,PROD776,Set,Georgette,Supplier A,1622,2784,0,3,8352,3486,New,None
2024-03-17,INV1690,PROD406,Kurti,Rayon,Supplier B,895,1328,0,1,1328,433,Returning,None
2024-10-18,INV1691,PROD622,Set,Georgette,Supplier B,1752,2682,108,3,7938,2682,Returning,Wedding
2024-07-25,INV1692,PROD820,Saree,Silk,Supplier A,2578,5345,0,3,16035,8301,New,None
2024-10-13,INV1693,PROD828,Kurti,Rayon,Supplier B,615,1220,503,2,1937,707,Returning,Wedding
2024-07-14,INV1694,PROD242,Kurti,Rayon,Supplier B,879,1208,0,3,3624,987,Returning,None
2024-04-06,INV1695,PROD173,Set,Georgette,Supplier B,1827,2815,228,2,5402,1748,New,Vishu
2024-11-27,INV1696,PROD240,Saree,Cotton,Supplier C,1049,1836,0,2,3672,1574,New,None
2024-11-24,INV1697,PROD665,Kurti,Rayon,Supplier C,817,1419,100,1,1319,502,Returning,None
2024-08-18,INV1698,PROD967,Kurti,Rayon,Supplier A,695,1317,107,3,3844,1759,Returning,Onam
2024-05-01,INV1699,PROD681,Set,Georgette,Supplier B,1959,3680,0,2,7360,3442,New,None
2024-09-04,INV1700,PROD847,Set,Georgette,Supplier A,1994,3486,0,3,10458,4476,New,None
2024-09-26,INV1701,PROD583,Kurti,Rayon,Supplier C,640,1367,0,3,4101,2181,New,None
2024-11-18,INV1702,PROD647,Set,Georgette,Supplier C,1952,3687,0,2,7374,3470,Returning,None
2024-01-06,INV1703,PROD461,Kurti,Rayon,Supplier C,840,1393,0,3,4179,1659,Returning,None
2024-05-30,INV1704,PROD744,Kurti,Rayon,Supplier A,755,1472,0,3,4416,2151,New,None
2024-08-30,INV1705,PROD184,Set,Georgette,Supplier C,1452,3097,127,3,9164,4808,New,Onam
2024-03-05,INV1706,PROD978,Set,Georgette,Supplier B,1658,2771,0,3,8313,3339,Returning,None
2024-05-11,INV1707,PROD478,Saree,Cotton,Supplier C,889,1965,0,3,5895,3228,Returning,None
2024-03-30,INV1708,PROD186,Kurti,Rayon,Supplier B,692,1509,0,3,4527,2451,Returning,None
2024-03-15,INV1709,PROD315,Set,Georgette,Supplier B,1822,3284,100,1,3184,1362,New,None
2024-10-22,INV1710,PROD587,Set,Georgette,Supplier A,1670,2737,271,1,2466,796,Returning,Wedding
2024-06-03,INV1711,PROD112,Kurti,Rayon,Supplier B,799,1342,0,2,2684,1086,Returning,None
2024-05-27,INV1712,PROD644,Kurti,Rayon,Supplier C,761,1592,0,3,4776,2493,New,None
2024-11-22,INV1713,PROD361,Kurti,Rayon,Supplier C,739,1271,0,2,2542,1064,New,None
2024-12-01,INV1714,PROD806,Set,Georgette,Supplier B,1647,3705,632,1,3073,1426,New,Christmas
2024-04-02,INV1715,PROD637,Kurti,Rayon,Supplier C,604,1525,112,1,1413,809,Returning,Vishu
2024-02-23,INV1716,PROD124,Set,Georgette,Supplier B,1624,3080,0,2,6160,2912,New,None
2024-11-13,INV1717,PROD188,Saree,Cotton,Supplier C,911,1986,0,3,5958,3225,New,None
2024-11-05,INV1718,PROD812,Saree,Silk,Supplier C,2982,5342,0,3,16026,7080,New,None
2024-04-04,INV1719,PROD808,Kurti,Rayon,Supplier B,638,1427,383,2,2471,1195,Returning,Vishu
2024-12-07,INV1720,PROD161,Kurti,Rayon,Supplier A,637,1241,491,1,750,113,New,Christmas
2024-05-12,INV1721,PROD760,Kurti,Rayon,Supplier B,635,1351,100,1,1251,616,New,None
2024-09-08,INV1722,PROD832,Saree,Cotton,Supplier C,1020,1611,0,3,4833,1773,Returning,None
2024-05-12,INV1723,PROD119,Saree,Cotton,Supplier A,836,1792,0,3,5376,2868,Returning,None
2024-09-11,INV1724,PROD688,Saree,Cotton,Supplier A,999,1636,0,1,1636,637,Returning,None
2024-01-02,INV1725,PROD103,Set,Georgette,Supplier B,1846,3327,0,3,9981,4443,New,None
2024-07-15,INV1726,PROD510,Set,Georgette,Supplier A,1980,3596,0,2,7192,3232,Returning,None
2024-01-29,INV1727,PROD763,Set,Georgette,Supplier B,1947,3196,100,1,3096,1149,Returning,None
2024-04-13,INV1728,PROD745,Saree,Cotton,Supplier B,897,1653,499,3,4460,1769,Returning,Vishu
2024-12-18,INV1729,PROD125,Kurti,Rayon,Supplier A,824,1476,243,1,1233,409,New,Christmas
2024-10-30,INV1730,PROD954,Saree,Silk,Supplier B,2264,5123,415,3,14954,8162,Returning,Wedding
2024-08-18,INV1731,PROD316,Saree,Cotton,Supplier B,828,1672,143,3,4873,2389,Returning,Onam
2024-11-30,INV1732,PROD137,Set,Georgette,Supplier C,1949,2805,0,3,8415,2568,New,None
2024-03-13,INV1733,PROD276,Kurti,Rayon,Supplier B,623,1224,0,3,3672,1803,New,None
2024-11-19,INV1734,PROD216,Saree,Silk,Supplier A,2667,4751,0,1,4751,2084,New,None
2024-09-11,INV1735,PROD223,Set,Georgette,Supplier A,1607,3372,100,2,6644,3430,Returning,None
2024-12-16,INV1736,PROD223,Set,Georgette,Supplier B,1618,2593,277,3,7502,2648,New,Christmas
2024-05-20,INV1737,PROD349,Saree,Silk,Supplier A,2913,4257,0,3,12771,4032,Returning,None
2024-10-24,INV1738,PROD182,Saree,Cotton,Supplier A,992,1898,116,1,1782,790,Returning,Wedding
2024-01-04,INV1739,PROD311,Saree,Cotton,Supplier A,945,1713,100,3,5039,2204,New,None
2024-03-14,INV1740,PROD710,Set,Georgette,Supplier C,1861,3343,0,1,3343,1482,New,None
2024-04-02,INV1741,PROD671,Set,Georgette,Supplier C,1490,3784,456,2,7112,4132,Returning,Vishu
2024-04-30,INV1742,PROD575,Saree,Cotton,Supplier C,848,1816,652,2,2980,1284,Returning,Vishu
2024-11-16,INV1743,PROD609,Set,Georgette,Supplier B,1454,2896,0,1,2896,1442,Returning,None
2024-03-31,INV1744,PROD442,Saree,Cotton,Supplier A,986,1645,100,1,1545,559,Returning,None
2024-11-11,INV1745,PROD904,Kurti,Rayon,Supplier A,626,1573,0,3,4719,2841,New,None
2024-01-15,INV1746,PROD303,Kurti,Rayon,Supplier A,720,1469,0,2,2938,1498,Returning,None
2024-12-12,INV1747,PROD990,Kurti,Rayon,Supplier A,766,1216,342,1,874,108,Returning,Christmas
2024-04-12,INV1748,PROD248,Kurti,Rayon,Supplier A,841,1399,155,2,2643,961,Returning,Vishu
2024-04-20,INV1749,PROD747,Set,Georgette,Supplier A,1796,3264,568,1,2696,900,Returning,Vishu
